name,dna,aa
pparg_1,ATGGGTGAAACTCTGGGAGATTCTCCTATTGACCCAGAAAGCGATTCCTTCACTGATACACTGTCTGCAAACATATCACAAGAAATGACC,MGETLGDSPIDPESDSFTDTLSANISQEMT
pparg_4,AGCTCCGTGGATCTCTCCGTAATGGAAGACCACTCCCACTCCTTTGATATCAAGCCCTTCACTACTGTTGACTTCTCCAGCATTTCTACT,SSVDLSVMEDHSHSFDIKPFTTVDFSSIST
pparg_8,ATCAAAGTGGAGCCTGCATCTCCACCTTATTATTCTGAGAAGACTCAGCTCTACAATAAGCCTCATGAAGAGCCTTCCAACTCCCTCATG,IKVEPASPPYYSEKTQLYNKPHEEPSNSLM
pparg_11,TATGGAGTTCATGCTTGTGAAGGATGCAAGGGTTTCTTCCGGAGAACAATCAGATTGAAGCTTATCTATGACAGATGTGATCTTAACTGT,YGVHACEGCKGFFRRTIRLKLIYDRCDLNC
pparg_15,GGGCGGATGCCACAGGCCGAGAAGGAGAAGCTGTTGGCGGAGATCTCCAGTGATATCGACCAGCTGAATCCAGAGTCCGCTGACCTCCGG,GRMPQAEKEKLLAEISSDIDQLNPESADLR
pparg_19,GACAAATCACCATTCGTTATCTATGACATGAATTCCTTAATGATGGGAGAAGATAAAATCAAGTTCAAACACATCACCCCCCTGCAGGAG,DKSPFVIYDMNSLMMGEDKIKFKHITPLQE
pparg_25,TTGATGAATAAAGATGGGGTTCTCATATCCGAGGGCCAAGGCTTCATGACAAGGGAGTTTCTAAAGAGCCTGCGAAAGCCTTTTGGTGAC,LMNKDGVLISEGQGFMTREFLKSLRKPFGD
pparg_27,TTTATGGAGCCCAAGTTTGAGTTTGCTGTGAAGTTCAATGCACTGGAATTAGATGACAGCGACTTGGCAATATTTATTGCTGTCATTATT,FMEPKFEFAVKFNALELDDSDLAIFIAVII
pparg_30,GACATTCAAGACAACCTGCTACAAGCCCTGGAGCTCCAGCTGAAGCTGAACCACCCTGAGTCCTCACAGCTGTTTGCCAAGCTGCTCCAG,DIQDNLLQALELQLKLNHPESSQLFAKLLQ
pparg_32,AAAATGACAGACCTCAGACAGATTGTCACGGAACACGTGCAGCTACTGCAGGTGATCAAGAAGACGGAGACAGACATGAGTCTTCACCCG,KMTDLRQIVTEHVQLLQVIKKTETDMSLHP
RLLL_1,TGTGCTCTTTTGCAGTCCAGATTGCTCCTCAGTGCCCCACGCAGAGCCGCTGCCACTGCCCGATAT,CALLQSRLLLSAPRRAAATARY
RLLL_2,TGCGCGCTGTTGCAATCAAGACTGCTTTTGTCAGCACCCCGCCGGGCAGCCGCGACCGCAAGGTAC,CALLQSRLLLSAPRRAAATARY
RLLL_3,TGTGCCCTGCTCCAAAGTAGGTTGCTTTTGAGCGCTCCACGGCGGGCCGCCGCGACTGCGCGATAT,CALLQSRLLLSAPRRAAATARY
RLLL_4,TGCGCCCTGCTGCAAAGCCGATTGCTTCTGTCAGCGCCGCGGCGGGCCGCAGCTACGGCGCGATAC,CALLQSRLLLSAPRRAAATARY
RLLL_5,TGTGCCTTGCTGCAATCCCGACTTCTTCTCAGTGCGCCACGACGAGCAGCTGCCACCGCACGCTAT,CALLQSRLLLSAPRRAAATARY
RAAA_1,TGTGCGCTGCTGCAATCTCGGGCGGCCGCGTCCGCGCCTCGACGCGCCGCCGCGACTGCAAGATAC,CALLQSRAAASAPRRAAATARY
RAAA_2,TGTGCCTTGCTGCAAAGCCGAGCTGCGGCTAGTGCCCCACGGCGGGCGGCTGCCACAGCCCGCTAT,CALLQSRAAASAPRRAAATARY
RAAA_3,TGTGCCCTCTTGCAATCCCGGGCAGCAGCTTCAGCGCCTAGACGCGCCGCCGCTACGGCACGGTAT,CALLQSRAAASAPRRAAATARY
RAAA_4,TGTGCCCTCTTGCAATCAAGGGCGGCTGCAAGCGCACCAAGACGAGCAGCGGCCACGGCCAGGTAT,CALLQSRAAASAPRRAAATARY
RAAA_5,TGTGCTCTCCTGCAGTCACGGGCCGCTGCCTCAGCCCCAAGAAGAGCAGCAGCCACTGCGCGATAT,CALLQSRAAASAPRRAAATARY
DAAA_1,TGTGCCCTCCTTCAGTCTGACGCCGCGGCGTCTGCCCCTAGAAGAGCGGCTGCTACTGCGAGGTAC,CALLQSDAAASAPRRAAATARY
DAAA_2,TGTGCACTTCTTCAGTCCGACGCTGCTGCGTCTGCACCCCGACGGGCTGCTGCTACAGCCAGATAT,CALLQSDAAASAPRRAAATARY
DAAA_3,TGCGCGTTGCTCCAGTCAGACGCGGCCGCCTCTGCGCCGAGGAGGGCGGCCGCCACCGCTCGGTAT,CALLQSDAAASAPRRAAATARY
DAAA_4,TGCGCCCTTCTTCAGAGTGATGCGGCAGCGTCCGCCCCCAGGCGCGCAGCTGCAACGGCCAGGTAC,CALLQSDAAASAPRRAAATARY
DAAA_5,TGTGCTCTGTTGCAGAGCGACGCTGCGGCCTCTGCTCCCCGGCGAGCAGCAGCAACAGCCCGCTAC,CALLQSDAAASAPRRAAATARY
empty_1,TAGTAACTTAAGAATTCACCGGTCTGACCTCCTTCTAGAGGCAGCGGAGCCACC,**LKNSPV*PPSRGSGAT
empty_2,TAGTAACTTAAGAATTCACCGGTCTGACCTCCTTCTCCCTCTCTTCAAGGCAGCGGAGCCACC,**LKNSPV*PPSPSLQGSGAT
empty_3,TAGTAACTTAAGAATTCACCGGTCTGACCTCCTTCTCCCTCTCTTCAGGTCTGAGGCAGCGGAGCCACC,**LKNSPV*PPSPSLQV*GSGAT
